{
  "countries": [
    { "id": "DE", "name": "Germany", "totalStores": 120, "currency": "EUR", "exchangeRate": 1.0 },
    { "id": "FR", "name": "France", "totalStores": 95, "currency": "EUR", "exchangeRate": 1.0 },
    { "id": "IT", "name": "Italy", "totalStores": 80, "currency": "EUR", "exchangeRate": 1.0 },
    { "id": "ES", "name": "Spain", "totalStores": 70, "currency": "EUR", "exchangeRate": 1.0 },
    { "id": "PL", "name": "Poland", "totalStores": 60, "currency": "PLN", "exchangeRate": 4.5 },
    { "id": "NL", "name": "Netherlands", "totalStores": 55, "currency": "EUR", "exchangeRate": 1.0 },
    { "id": "BE", "name": "Belgium", "totalStores": 40, "currency": "EUR", "exchangeRate": 1.0 },
    { "id": "SE", "name": "Sweden", "totalStores": 35, "currency": "SEK", "exchangeRate": 11.2 },
    { "id": "NO", "name": "Norway", "totalStores": 30, "currency": "NOK", "exchangeRate": 11.5 },
    { "id": "DK", "name": "Denmark", "totalStores": 25, "currency": "DKK", "exchangeRate": 7.45 }
  ]
}