{
    "materials": [
        {
            "id": "MAT000",
            "name": "Premium Glossy Paper Roll",
            "segment": "material",
            "materialType": "roll",
            "dependency_type": "null",
            "dependencies": [],
            "description": "High-quality glossy paper roll for premium printing",
            "size": "300, 50",
            "color": "n/a",
            "price": "100"
        },
        {
            "id": "MAT001",
            "name": "Premium Glossy Paper Sheet",
            "segment": "material",
            "materialType": "sheet",
            "dependency_type": "null",
            "dependencies": [],
            "description": "High-quality glossy paper sheet for premium printing",
            "size": "300, 50",
            "color": "n/a",
            "price": "100"
        }
    ]
}