{
  "stores": [
    {
      "id": "ST001",
      "storeCode": "NYC-DT-001",
      "name": "Downtown Store",
      "country": "United States",
      "countryId": "US",
      "contact": "+1 (555) 123-4567",
      "contactPerson": "John Smith",
      "type": "A",
      "size": "Large",
      "securityGate": "High",
      "address": "123 Main Street, New York, NY 10001",
      "status": "Active",
      "description": "Flagship store located in the heart of downtown Manhattan, featuring our complete product line and premium services."
    },
    {
      "id": "ST002",
      "storeCode": "TOR-WS-002",
      "name": "Westside Mall",
      "country": "Canada",
      "countryId": "CA",
      "contact": "+1 (416) 555-7890",
      "contactPerson": "Sarah Johnson",
      "type": "B",
      "size": "40 x 45",
      "securityGate": "Medium",
      "address": "456 West Avenue, Toronto, ON M5V 2N1",
      "status": "Active"
    },
    {
      "id": "ST003",
      "storeCode": "LON-EP-003",
      "name": "Eastside Plaza",
      "country": "United Kingdom",
      "countryId": "GB",
      "contact": "+44 20 7123 4567",
      "contactPerson": "Michael Brown",
      "type": "C",
      "size": "30 x 40",
      "securityGate": "Low",
      "address": "789 East Road, London, UK EC1A 1BB",
      "status": "Active"
    },
    {
      "id": "ST004",
      "storeCode": "PAR-BT-004",
      "name": "Paris Boutique",
      "country": "France",
      "countryId": "FR",
      "contact": "+33 1 23 45 67 89",
      "contactPerson": "Sophie Martin",
      "type": "B",
      "size": "Medium",
      "securityGate": "Medium",
      "address": "101 Champs-Élysées, 75008 Paris",
      "status": "Active",
      "description": "Elegant boutique on Champs-Élysées, offering a sophisticated shopping experience with French flair."
    },
    {
      "id": "ST005",
      "storeCode": "TKY-FS-005",
      "name": "Tokyo Flagship",
      "country": "Japan",
      "countryId": "JP",
      "contact": "+81 3 1234 5678",
      "contactPerson": "Yuki Tanaka",
      "type": "A",
      "size": "Large",
      "securityGate": "High",
      "address": "202 Ginza Street, Tokyo 104-0061",
      "status": "Active",
      "description": "Innovative flagship store in Tokyo's Ginza district, featuring cutting-edge technology and exclusive Japanese collections."
    },
    {
      "id": "ST006",
      "storeCode": "SYD-HB-006",
      "name": "Sydney Harbor",
      "country": "Australia",
      "countryId": "AU",
      "contact": "+61 2 9876 5432",
      "contactPerson": "James Wilson",
      "type": "B",
      "size": "Medium",
      "securityGate": "Medium",
      "address": "303 Circular Quay, Sydney NSW 2000",
      "status": "Active",
      "description": "Scenic store overlooking Sydney Harbor, offering a relaxed shopping environment with stunning views."
    },
    {
      "id": "ST007",
      "storeCode": "DXB-ML-007",
      "name": "Dubai Mall",
      "country": "United Arab Emirates",
      "countryId": "AE",
      "contact": "+971 4 123 4567",
      "contactPerson": "Ahmed Al Mansouri",
      "type": "A",
      "size": "Large",
      "securityGate": "High",
      "address": "404 The Dubai Mall, Dubai",
      "status": "Active",
      "description": "Luxury store in The Dubai Mall, providing an opulent shopping experience with premium services."
    },
    {
      "id": "ST008",
      "storeCode": "SGP-MB-008",
      "name": "Singapore Marina",
      "country": "Singapore",
      "countryId": "SG",
      "contact": "+65 6123 4567",
      "contactPerson": "Wei Chen",
      "type": "B",
      "size": "Medium",
      "securityGate": "Medium",
      "address": "505 Marina Bay Sands, Singapore 018956",
      "status": "Active",
      "description": "Modern store in Marina Bay Sands, offering a unique blend of technology and luxury shopping."
    },
    {
      "id": "ST009",
      "storeCode": "TOR-ET-009",
      "name": "Toronto Eaton",
      "country": "Canada",
      "countryId": "CA",
      "contact": "+1 (416) 123-4567",
      "contactPerson": "Emily Thompson",
      "type": "B",
      "size": "Medium",
      "securityGate": "Medium",
      "address": "606 Yonge Street, Toronto, ON M4Y 1Z3",
      "status": "Active",
      "description": "Vibrant store in Toronto's Eaton Centre, serving the diverse Canadian market with a wide product range."
    },
    {
      "id": "ST010",
      "storeCode": "MUN-CT-010",
      "name": "Munich Center",
      "country": "Germany",
      "countryId": "DE",
      "contact": "+49 89 987 654 321",
      "contactPerson": "Hans Mueller",
      "type": "B",
      "size": "45 x 50",
      "securityGate": "Medium",
      "address": "12 Marienplatz, Munich",
      "status": "Active"
    },
    {
      "id": "ST011",
      "name": "Hamburg Harbor",
      "country": "Germany",
      "countryId": "DE",
      "contact": "+49 40 456 789 012",
      "type": "C",
      "size": "35 x 40",
      "address": "34 Hafenstraße, Hamburg",
      "status": "Active"
    },
    {
      "id": "ST012",
      "name": "Rome Colosseum",
      "country": "Italy",
      "countryId": "IT",
      "contact": "+39 06 123 456 789",
      "type": "A",
      "size": "60 x 60",
      "address": "56 Via dei Fori Imperiali, Rome",
      "status": "Active"
    },
    {
      "id": "ST013",
      "name": "Milan Fashion",
      "country": "Italy",
      "countryId": "IT",
      "contact": "+39 02 987 654 321",
      "type": "B",
      "size": "50 x 55",
      "address": "89 Via Montenapoleone, Milan",
      "status": "Active"
    },
    {
      "id": "ST014",
      "name": "Barcelona Beach",
      "country": "Spain",
      "countryId": "ES",
      "contact": "+34 93 987 654 321",
      "type": "C",
      "size": "35 x 40",
      "address": "67 Passeig Marítim, Barcelona",
      "status": "Active"
    },
    {
      "id": "ST015",
      "name": "Manchester City",
      "country": "United Kingdom",
      "countryId": "GB",
      "contact": "+44 161 123 4567",
      "type": "C",
      "size": "30 x 35",
      "address": "78 Market Street, Manchester",
      "status": "Active"
    },
    {
      "id": "ST016",
      "name": "Rotterdam Port",
      "country": "Netherlands",
      "countryId": "NL",
      "contact": "+31 10 987 6543",
      "type": "C",
      "size": "35 x 40",
      "address": "89 Coolsingel, Rotterdam",
      "status": "Active"
    },
    {
      "id": "ST017",
      "name": "Brussels Grand",
      "country": "Belgium",
      "countryId": "BE",
      "contact": "+32 2 123 4567",
      "type": "B",
      "size": "45 x 50",
      "address": "12 Grand Place, Brussels",
      "status": "Active"
    },
    {
      "id": "ST018",
      "name": "Antwerp Diamond",
      "country": "Belgium",
      "countryId": "BE",
      "contact": "+32 3 987 6543",
      "type": "B",
      "size": "40 x 45",
      "address": "34 Meir, Antwerp",
      "status": "Active"
    },
    {
      "id": "ST019",
      "name": "Vienna Opera",
      "country": "Austria",
      "countryId": "AT",
      "contact": "+43 1 123 4567",
      "type": "A",
      "size": "55 x 55",
      "address": "56 Kärntner Straße, Vienna",
      "status": "Active"
    },
    {
      "id": "ST020",
      "name": "Salzburg Old Town",
      "country": "Austria",
      "countryId": "AT",
      "contact": "+43 662 987 6543",
      "type": "C",
      "size": "30 x 35",
      "address": "78 Getreidegasse, Salzburg",
      "status": "Active"
    },
    {
      "id": "ST021",
      "name": "Stockholm Royal",
      "country": "Sweden",
      "countryId": "SE",
      "contact": "+46 8 123 4567",
      "type": "B",
      "size": "45 x 50",
      "address": "90 Drottninggatan, Stockholm",
      "status": "Active"
    },
    {
      "id": "ST022",
      "name": "Gothenburg Harbor",
      "country": "Sweden",
      "countryId": "SE",
      "contact": "+46 31 987 6543",
      "type": "C",
      "size": "35 x 40",
      "address": "23 Avenyn, Gothenburg",
      "status": "Active"
    },
    {
      "id": "ST023",
      "name": "Copenhagen Tivoli",
      "country": "Denmark",
      "countryId": "DK",
      "contact": "+45 33 123 4567",
      "type": "B",
      "size": "40 x 45",
      "address": "45 Vesterbrogade, Copenhagen",
      "status": "Active"
    }
  ]
} 