{
  "users": [
    {
      "userId": "U001",
      "userName": "John Smith",
      "userType": "Admin",
      "avatarUrl": "/images/avatars/user1.jpg",
      "joiningDate": "2023-01-15",
      "endingDate": "2024-01-15",
      "status": "Active",
      "contact": "+44 7123 456789",
      "address": "123 Oxford Street, London, UK"
    },
    {
      "userId": "U002",
      "userName": "Emma Wilson",
      "userType": "Manager",
      "avatarUrl": "/images/avatars/user2.jpg",
      "joiningDate": "2023-03-20",
      "endingDate": "2024-03-20",
      "status": "Active",
      "contact": "+44 7234 567890",
      "address": "45 Park Lane, Manchester, UK"
    },
    {
      "userId": "U003",
      "userName": "Michael Brown",
      "userType": "Staff",
      "avatarUrl": "/images/avatars/user3.jpg",
      "joiningDate": "2023-06-10",
      "endingDate": "2024-06-10",
      "status": "Inactive",
      "contact": "+44 7345 678901",
      "address": "78 High Street, Birmingham, UK"
    }
  ]
} 